InventoryType,DSLookupID,DisplayName,Status,OwnershipType,Category,Manufacturer,Model,DSLocationName,LocationAddress,LocationCity,LocationState,LocationCountry,LocationPostalCode,RetailContactName,RetailContactPhoneNumber,RetailContactPhoneExtension,WholesaleContactName,WholesaleContactPhoneNumber,WholesaleContactPhoneExtension,RentalContactPhoneNumber,RentalContactPhoneExtension,Year,Condition,VINSerialNumber,StockNumber,Quantity,Description,DisplayOnSite,DisplayOnFastTrackIron,CertifiedUsed,ForSale,ForSaleListPrice,ForSaleWholesalePrice,ForRent,AcquisitionDate,InventoryStatus,ForLease,ForFractionalOwnership,ForCharter,PictureCount,PictureList,VideoCount,CurrencyCode,OwnerName,CreatedByName,CreatedOn,ModifiedByName,ModifiedOn,OnAuction,ExportStatus,ExportedOn,ExportMessage,accondition,axle,cab,color,cruisecontrol,doors,drive,driverposition,dualexhaust,engine,enginetype,frontaxlelbs,fueltype,grossvehicleweight,headacherack,heatedmirror,height,horsepower,length,liftendgate,mileagetype,navigation,overdrive,overhaul,powerlocks,powersteering,powerwindows,ratio,rearaxlelbs,sidedoors,supersingles,suspension,tilttelescope,tires,transmission,turbo,wheelbase,wheels,DataVersion,InternalNotes,auxiliarypowerunit,differentiallock,dot,enginebrake,mileage,numberofbeds,sleeper,sleepersize,wetkit,airconditioning,dualbreathers
Trucks,150005715271,2018 FREIGHTLINER BUSINESS CLASS M2 106,ACTIVE,Dealer Owned,Medium Duty Trucks - Van Trucks / Box Trucks - Moving,FREIGHTLINER,BUSINESS CLASS M2 106,Tom Nehl Trucks - Lake City,383 SW Arrowhead Terrace,Lake City,Florida,USA,32024,Joseph Echols,+19045307028,,Joseph Echols,+13866037030,,+19045307028,,2018,Used,VARIOUS,,5,2018 M2 WITH CUSTOM KENTUCKY MOVING VAN INCLUDING MELCHER WALK BOARD   CALL JAMIE FOR ALL THE DETAILS AND OTHER MOVING TRUCKS AVAILABLE  954-410-7289,True,False,False,True,93595,,False,10/21/2015,Available,False,False,False,12,"https://media.sandhills.com/img.axd?id=4003207637&wid=&p=&ext=&w=588&h=784&t=&lp=TRK&c=True&wt=False&sz=Max&rt=0&checksum=PZmUIEp7HtzdoocTAPyR%2fdZoiN8V51YhXX0Pplq58VMYqsnnJX%2fqb4EFgG13KUFaamWwobexvA7PXC%2fDJMD32rKgP4IJhK9iK5X3l6UXgfc6tLr%2fygVsxGVFoRmQW%2fZV, https://media.sandhills.com/img.axd?id=4003207649&wid=&p=&ext=&w=588&h=784&t=&lp=TRK&c=True&wt=False&sz=Max&rt=0&checksum=PZmUIEp7HtxYVmpVYECyZshvkxk0QDLIrIdlmO5U4KrbgdDwQrgB0mr7dozglWjuEhdZAJI6USwOsMjaYTRYwbScp5Pb9vpi05w1Dz7BcaOOEdsolTAsLpZkrgjeJViR, https://media.sandhills.com/img.axd?id=4003207651&wid=&p=&ext=&w=588&h=784&t=&lp=TRK&c=True&wt=False&sz=Max&rt=0&checksum=PZmUIEp7HtwQf9tUo875qT9AxmN8uJGU3J85o9CYpuBAx9yMuB82Exdz16Bkluc1mi573O%2fVtLxH2BdY9VRr9edwC5gCIUVSTF%2brtnabPrsFAxaneVlhiRJsZJe%2bg4jM, https://media.sandhills.com/img.axd?id=4003207665&wid=&p=&ext=&w=588&h=784&t=&lp=TRK&c=True&wt=False&sz=Max&rt=0&checksum=PZmUIEp7HtzPl6PtZxZIzMBGU0pKkyISFLaTKTHQApTLyxlOZX%2fW4K6uAkzQc1BUIcJ2wZT%2bZtnq4kWrzUC20Y7bvIIMgeSK9v1BPGTQkqkzoXwzflrs%2fxOI1KMbK%2bxJ, https://media.sandhills.com/img.axd?id=4003207669&wid=&p=&ext=&w=588&h=784&t=&lp=TRK&c=True&wt=False&sz=Max&rt=0&checksum=PZmUIEp7HtyKuUz%2f8gJCrPzPQxLcLGXy1GGFJHLMgEx673v9bv5raSFx1NleRFyzyyAoB61HvhlaQUjJAKws6bjnQFHVDjUmzk6rfELxxEKcJFAp7VxYvna%2b1XJQxKRr, https://media.sandhills.com/img.axd?id=4003207681&wid=&p=&ext=&w=588&h=784&t=&lp=TRK&c=True&wt=False&sz=Max&rt=0&checksum=PZmUIEp7Htxx6dA8Au0E8vMfHQXPmS24a7tE2wb4cPDC1bo4vJDZKL4vl39WYZIY9wVc%2feev%2fjkuNK1KG7%2bv1LgKEpHphszGqa%2bAVufzwnBJ6YcdHw1%2fbJWpeKkEpJP8, https://media.sandhills.com/img.axd?id=4003207687&wid=&p=&ext=&w=588&h=784&t=&lp=TRK&c=True&wt=False&sz=Max&rt=0&checksum=PZmUIEp7HtwbMsmVofiCO5h8fqza98HuhjZYnQal13fr6uukPltp4NuQt%2fn2W2x%2f7djFe4mzHzeLq38wH5vjuMHTbIY0sPdizdC40WL0FcVVEKMyHtGmOQmWOUN%2bbpzL, https://media.sandhills.com/img.axd?id=4003207693&wid=&p=&ext=&w=588&h=784&t=&lp=TRK&c=True&wt=False&sz=Max&rt=0&checksum=PZmUIEp7Hty87SsHFvApcqZ9%2fR0SQNlRohmdp2yIFHO3%2fJjH%2f5Nu%2fJWjQAuMygC21TBgujdE406VIbjMN7us7keStlTCzGrTwE71EJf4qaQ2J7SWu4%2f9gQX6tm7Y9uPR, https://media.sandhills.com/img.axd?id=4003207697&wid=&p=&ext=&w=588&h=784&t=&lp=TRK&c=True&wt=False&sz=Max&rt=0&checksum=PZmUIEp7HtwwK4pc8dhj%2b%2b1%2boA%2f5KLalFQgpBGgrgOu63LQ73cr0Ae21zSHkbmJYfegajipyCiTlrGw96fkW3r%2bVlWwF%2fiFZFd0sujIaTHK10zwkF62qlMx3BBwvUX0S, https://media.sandhills.com/img.axd?id=4003207703&wid=&p=&ext=&w=588&h=784&t=&lp=TRK&c=True&wt=False&sz=Max&rt=0&checksum=PZmUIEp7HtwZ3vQAGd4gBlncoe68%2bYMh3dWAst%2fFOgcB3hBKMh71%2bed2x%2b6mdgGh57rriidJ5g%2b98MjtA5x1UylRgkKPaDr9eKq6PSA%2fJPPrlqANvxM9VcxGksa6Ok5U, https://media.sandhills.com/img.axd?id=4003207705&wid=&p=&ext=&w=588&h=784&t=&lp=TRK&c=True&wt=False&sz=Max&rt=0&checksum=PZmUIEp7Hty8AWBMinPL7hJiRnjCMmknH9jxgUsJK0wP30b3lQyF0I3OMOSaOHFlgQL7EDN0HgSFrh2HYE1yg7aOGiA15BO3w0wSH0fxFOhUK7sCly09KgJfV2cpEqSd, https://media.sandhills.com/img.axd?id=4003207709&wid=&p=&ext=&w=588&h=784&t=&lp=TRK&c=True&wt=False&sz=Max&rt=0&checksum=PZmUIEp7HtwpeYPfzn2knueg%2bUUc3nMR0XnU%2f40A870hOtSxrfdCkAFWkZGPDACjGKyL1DoVv4d055RqIIkHM8q3h2puBssGAxtNAUy9abd9dN1zxAuoOfeKAjPZIlWJ",0,USD,Jim Echols,Jim Echols,10/21/2015 5:06:38 PM,Joseph Echols,10/19/2017 6:34:15 PM,False,Success,10/19/2017 1:34:17 PM,,New,Single,Standard Cab,WHITE,Yes,Swing,4x2,Left Hand Drive,No,Cummins,ISB,8500,Diesel,26000,No,Yes,109,240,26,No,Miles,No,Yes,No,Yes,Yes,Both,5.13,17500,Curbside,No,AirLiner,No,255/70R 22.5,Automatic,Yes,260,All Steel,2,,,,,,,,,,,,
Trucks,150008475243,2015 VOLVO VNL64T780 VARIOUS,ACTIVE,Dealer Owned,Heavy Duty Trucks - Conventional Trucks w/ Sleeper,VOLVO,VNL64T780,Tom Nehl Trucks - Jacksonville,417 S. Edgewood Ave.,Jacksonville,Florida,USA,32254,Joseph Echols,+19045307028,,,,,+19045307028,,2015,Used,VARIOUS,VARIOUS,7,Miles between 468k - 498k,True,False,False,True,69500,,False,7/20/2017,Available,False,False,False,11,"https://media.sandhills.com/img.axd?id=4001707577&wid=&p=&ext=&w=588&h=784&t=&lp=TRK&c=True&wt=False&sz=Max&rt=0&checksum=HfJZKx%2bByurz0zO%2bgSscxWiKXINx3uFtIdsXNNpqq%2bAQziaInTCLVwmip7eeBbktZkeJLFiAehhpEObMal26wfznAyzH2zKSQsnCpMEe6N12W5bRXZldEdhZQvjBVGHx, https://media.sandhills.com/img.axd?id=4001707573&wid=&p=&ext=&w=588&h=784&t=&lp=TRK&c=True&wt=False&sz=Max&rt=0&checksum=HfJZKx%2bByurjCGjGPgH09nihKPnIYKh5YFVI3S0yQ4R%2fscoybhf1XiNr2xF%2fPFO2WFqqvy2H8%2bkfBdkapzu2CXt%2bNdlUqoztDEIsGtN0gPG%2bBKMDp0CRHZgZlOvCMBri, https://media.sandhills.com/img.axd?id=4001707583&wid=&p=&ext=&w=588&h=784&t=&lp=TRK&c=True&wt=False&sz=Max&rt=0&checksum=HfJZKx%2bByurLddcp2yfpLc%2bNCR7uUIToyUCpOHx5D3vtVspHYQLgMdJjJgRM%2bw3ixbhzf%2bJYZne4eMab1ESJ%2f%2b5tBUumztetLLGUt7x0O3zyrAlmoKagyP0x60ydq4iW, https://media.sandhills.com/img.axd?id=4001707587&wid=&p=&ext=&w=588&h=784&t=&lp=TRK&c=True&wt=False&sz=Max&rt=0&checksum=HfJZKx%2bByuow4iK33MIUej10gcERZUUPyjZ24i9P%2bwTKbeutkgjWrDIsDxZSngTWYjrcM%2fozduHQwiQlojOMRipLYMtH9JZUdEa%2bXx4FkcmMr08tL4VlpXC2HbJ9ebcW, https://media.sandhills.com/img.axd?id=4001707589&wid=&p=&ext=&w=588&h=784&t=&lp=TRK&c=True&wt=False&sz=Max&rt=0&checksum=HfJZKx%2bByupVB6SRCAJ91R558r8ULAkKD3q3U9BFDa2BJk2FHK%2blRGMKi%2b2q0qNMH6CG0Co3xIORI3LZmkOrr62iBDE2UsASHRIZyALhE12DAR9M2VRkZ4%2bPVZqlkNFI, https://media.sandhills.com/img.axd?id=4001707593&wid=&p=&ext=&w=588&h=784&t=&lp=TRK&c=True&wt=False&sz=Max&rt=0&checksum=HfJZKx%2bByurlMXJAIBxx2EqFDeDycjJUAzJWJBVvPrjQ%2bZzqQ%2bI175sqQLbWefi4WRFmtkbfs6uQ2DvLrlnMAvo43BB%2fM4advX07kB7cNZ7DXhz83QHak09f80uTfkL7, https://media.sandhills.com/img.axd?id=4001707595&wid=&p=&ext=&w=588&h=784&t=&lp=TRK&c=True&wt=False&sz=Max&rt=0&checksum=HfJZKx%2bByurAD7N3gKhFcYRVo%2bzbzkFq1yqamMMlfHOWpa3nGY0qVlcYZ2o8wsGlawB4cJMP29TVi6KZ9iZpbPB982kCI7oeUMx%2bWCjJYFir2vfJO4SW9j%2bJiiAGr3d0, https://media.sandhills.com/img.axd?id=4001707597&wid=&p=&ext=&w=588&h=784&t=&lp=TRK&c=True&wt=False&sz=Max&rt=0&checksum=HfJZKx%2bByupwql7M7wGtNK0fmWMgJZyubzoaxNwsrAAG%2fro9fUMRURBbl3u1gW%2bL6U6sWZjbr%2f%2fAOZIZ3AyzFKc63KxBJQ0n7tcfyvqz2tj4Y686VgfCLJShoJWs9sl8, https://media.sandhills.com/img.axd?id=4001707667&wid=&p=&ext=&w=588&h=784&t=&lp=TRK&c=True&wt=False&sz=Max&rt=0&checksum=HfJZKx%2bByuo7Z7PW3YEwFOsOr8wyFBZfWhechALT%2bOrBrWwgpZ48%2fKfouz3V4%2bQ3IfsNNczSPdwumVKPEsvtALLAPgeBnoDV%2fgV9HGsrgg6yLHcn%2bGvZaakyZiYqbtyT, https://media.sandhills.com/img.axd?id=4001707603&wid=&p=&ext=&w=588&h=784&t=&lp=TRK&c=True&wt=False&sz=Max&rt=0&checksum=HfJZKx%2bByuoMtByprAojjqrQmh8cMkISmYP9NkSUWN42PUkABszoYV3%2fK74B41%2baREfWSQMaZ0NNXOUyM2AODfQFCG%2fmqEFUZUnDVfHKRGxE1tUmNtYOPcpDLZ3c0Zay, https://media.sandhills.com/img.axd?id=4001707605&wid=&p=&ext=&w=588&h=784&t=&lp=TRK&c=True&wt=False&sz=Max&rt=0&checksum=HfJZKx%2bByuoccE0QPHJLNvhbLMD%2b478gkXsRM5G%2fTd610A1ySQ85pvYPY3fSALgS8DMxiouP5oyTIL1ERRfYVNOfvdnhu12DfkXJkIyupe8vKg8%2fNM%2fwBRmARg5Y9Ljm",0,USD,Joseph Echols,Jim Echols,7/20/2017 6:40:32 PM,Joseph Echols,10/19/2017 2:55:21 PM,False,Success,10/19/2017 9:55:22 AM,,Excellent,Tandem,,Grey,,,6x4,Left Hand Drive,,Volvo,VED13,12000,Diesel,8000,No,,,435,,,Miles,No,Yes,No,,,,3.36,40000,,No,Air Ride,,LP22.5,I Shift,,239,Aluminum,4,,No,Yes,Yes,Yes,499125,2,Raised Roof Sleeper,77,No,,
Trucks,150008712669,2014 FREIGHTLINER CASCADIA 125 T26661,ACTIVE,Dealer Owned,Heavy Duty Trucks - Conventional Trucks w/ Sleeper,FREIGHTLINER,CASCADIA 125,Tom Nehl Trucks - Lake City,383 SW Arrowhead Terrace,Lake City,Florida,USA,32024,Joseph Echols,+19045307028,,,,,+19045307028,,2014,Used,FH6747,T26661,1,"Freightliner sourced truck that comes with Freightliner's 60 day Buyer's Assurance warranty as well as a 1 year / 100,000 mile warranty on the engine, transmission, and rear ends.",True,False,False,True,59500,,False,9/19/2017,Available,False,False,False,4,"https://media.sandhills.com/img.axd?id=4001707681&wid=&p=&ext=&w=588&h=784&t=&lp=TRK&c=True&wt=False&sz=Max&rt=0&checksum=HfJZKx%2bByuqYTttGnaVUvUE5bw%2fIUN9u1mLSGZj8HR8GYNbX5eTG7vuaKzmnA5KZ3zNRwUnkyIHGI%2bJ0%2bNfywjli0XDp4HfHP6oKhcyGZYsJ6Yt6HeO9UCL2ixLZWcFL, https://media.sandhills.com/img.axd?id=4001707791&wid=&p=&ext=&w=588&h=784&t=&lp=TRK&c=True&wt=False&sz=Max&rt=0&checksum=HfJZKx%2bByuqdM4nQZxzIYgQ7WPv8RJWtDJO%2boZ9cb81B1%2b35bC5s9bKCiy6m1DiCMD9ff7pD3jBYkhuTiqUm6wDeEOc%2fqlg%2b5t%2f0ULw57t%2fj9zltYhZvXFD%2f8xU%2fuhXs, https://media.sandhills.com/img.axd?id=4001707833&wid=&p=&ext=&w=588&h=784&t=&lp=TRK&c=True&wt=False&sz=Max&rt=0&checksum=HfJZKx%2bByuryszPHf%2ftHXDdC%2fG8G5YvKOWwieR%2bzcWYM4DFp8KoXJDJuY9NOxALGb15C%2b7iN5jA0zKvjmwRVXjUASNZ4SYLIktoEeeIwg%2bFCl751eRdq%2fAVfYAGMH1W3, https://media.sandhills.com/img.axd?id=4001707863&wid=&p=&ext=&w=588&h=784&t=&lp=TRK&c=True&wt=False&sz=Max&rt=0&checksum=HfJZKx%2bByuoal1BXsQIx0hg9KNtRdQNpi5DoH4e1SXs%2bn6%2bcsNHQS1VNySzSHhU07dEg2oWVhZXdXELxo2RLjX1C8R5dB1R%2bqFKrMkiieXJMtyvYFeJRDsNeoFBFUwrA",0,USD,Joseph Echols,Jim Echols,9/19/2017 7:10:38 PM,Joseph Echols,10/3/2017 3:21:20 PM,False,Success,10/3/2017 10:21:27 AM,,Excellent,Tandem,,White,,,6x4,Left Hand Drive,,Detroit,DD15,12000,Diesel,52000,No,,,450,,,Miles,No,Yes,No,,,,3.31,40000,,No,Air Ride,,LP22.5,10 Spd,,238,Aluminum,9,,No,Yes,Yes,Yes,476142,2,Raised Roof Sleeper,72,No,,
Trucks,150008496416,2013 KENWORTH T660 T26580,ACTIVE,Dealer Owned,Heavy Duty Trucks - Conventional Trucks w/o Sleeper,KENWORTH,T660,Tom Nehl Trucks - Lake City,383 SW Arrowhead Terrace,Lake City,Florida,USA,32024,Joseph Echols,+19045307028,,,,,+19045307028,,2013,Used,341420,T26580,1,,True,False,False,True,49900,,False,7/27/2017,Available,False,False,False,6,"https://media.sandhills.com/img.axd?id=3047661232&wid=&p=&ext=&w=588&h=784&t=&lp=TRK&c=True&wt=False&sz=Max&rt=0&checksum=DLfaWDeagKBeUFDxGlbOmQ8YE98zhhzfUdgOxZpqjKiTdXJdtVbkBrbmL9Ah8jvas7XiHUYfdaM3qyRNfInS1BSx1u0KkEZ2MabzyGfocgkxGMY%2fcpPdfdGLQ76ooxhR, https://media.sandhills.com/img.axd?id=3047661266&wid=&p=&ext=&w=588&h=784&t=&lp=TRK&c=True&wt=False&sz=Max&rt=0&checksum=DLfaWDeagKDVH7RcaNK%2b1Gmu%2fq09vPsmgI9CHOlrAEeyDubsmWtDhgr2oBsr%2fyvsGwGCn7nEQ3CRJqtZ50yGGFWxryk4kFCn8sscSz5LbZCFxwQ4BDqiSKJJy61gwUWT, https://media.sandhills.com/img.axd?id=3047661276&wid=&p=&ext=&w=588&h=784&t=&lp=TRK&c=True&wt=False&sz=Max&rt=0&checksum=DLfaWDeagKC1VPrY6%2b8uiQS7AioHxRBdOJRM785g3zM2MheZlWQ0RL1lJXheF%2bbS8EEpIS3fAPxKgamrepmCTIXh5FVUCXN9T6A0hgtFYjN77cwnbYtVyvCWWYt%2fUCLq, https://media.sandhills.com/img.axd?id=3047661288&wid=&p=&ext=&w=588&h=784&t=&lp=TRK&c=True&wt=False&sz=Max&rt=0&checksum=DLfaWDeagKAyUPmtL36qx2rf6HCHXPBSe%2fZgp7HxMt8WeOK5%2b5xdX2pncZGabNplrurRch652n1XfK45aGWDQDcY42GQM6LEnJryCpDG%2bzPojYLFc%2birfDQ4uan7SN5d, https://media.sandhills.com/img.axd?id=3047661294&wid=&p=&ext=&w=588&h=784&t=&lp=TRK&c=True&wt=False&sz=Max&rt=0&checksum=DLfaWDeagKDmBjoX9Xh%2f1RnIo6MOA9JdojAUgHhZn9%2bAKSoMh7ogkWxOleJ1ElDldEhDXBnySN60nErUcpQZyDFu4o9YH0u60NkELIf5wXvowonBAQgD6vDrDRWc7KU4, https://media.sandhills.com/img.axd?id=3047661306&wid=&p=&ext=&w=588&h=784&t=&lp=TRK&c=True&wt=False&sz=Max&rt=0&checksum=DLfaWDeagKCEiG8WHraXPdJBhHqvcL%2fW3eGBO%2b%2fvN9QC4meOn2kGIEtaOKkhRD8WJ%2fRCB72tE42kWDJRRTJiD3zxueo%2fMPi8Mbo%2f55gpjaIy3sqIyM8QWv3d%2f2JhFdxJ",0,USD,Jim Echols,Jim Echols,7/27/2017 1:45:49 PM,Jim Echols,9/22/2017 2:41:15 PM,False,Success,7/27/2017 8:48:04 AM,,,Tandem,,Red,,,,Left Hand Drive,,Cummins,ISX,12000,Diesel,80000,,,,450,,,Miles,,,,,,,3.70,40000,,,Air Ride,,11R24.5,10 Spd,,,Aluminum,1,,,,,,470199,,,,,,
Trucks,150008498141,2013 FREIGHTLINER CASCADIA 125 T26433,ACTIVE,Dealer Owned,Heavy Duty Trucks - Conventional Trucks w/ Sleeper,FREIGHTLINER,CASCADIA 125,Tom Nehl Trucks - Jacksonville,417 S. Edgewood Ave.,Jacksonville,Florida,USA,32254,Joseph Echols,+19045307028,,,,,+19045307028,,2013,Used,BR0478,T26433,1,,True,False,False,True,55000,,False,7/27/2017,Available,False,False,False,6,"https://media.sandhills.com/img.axd?id=3047901040&wid=&p=&ext=&w=588&h=784&t=&lp=TRK&c=True&wt=False&sz=Max&rt=0&checksum=pBhMkpgk3gUE6M3%2b4g2C5dJWRNuEnWp8msyGgGf5N98aIFamDaEinm4FBQeiRPA8wQIwtPntBvEMxOUX4kdSlYlqV%2bY582Js0XVC8tiqmFoQAmxF8%2fJJS7u%2bq9J%2fA62q, https://media.sandhills.com/img.axd?id=3047901048&wid=&p=&ext=&w=588&h=784&t=&lp=TRK&c=True&wt=False&sz=Max&rt=0&checksum=pBhMkpgk3gXEcdDdqjAywitKYM0u5NFWBD60rt%2bGhV3P7Z6iBrCINUATLjs0Nmu%2fqRGg2g901IK24Pxy90NaJNO%2bc2SYvyOlc69rUjMsXEM%2fBUyjxbh1E6hdcLYS4PHT, https://media.sandhills.com/img.axd?id=3047901062&wid=&p=&ext=&w=588&h=784&t=&lp=TRK&c=True&wt=False&sz=Max&rt=0&checksum=pBhMkpgk3gWbxuOiEFh8Cc90dMbjaAH%2fFbAPp1WcHvb09nWZ47i2O2SsyqzepkaZw3F5r%2bALPyTggfRkot8cm1g8x5XEBOz0bbrHPXKMydZxrthfeIjFScyQFjBOwgpw, https://media.sandhills.com/img.axd?id=3047901090&wid=&p=&ext=&w=588&h=784&t=&lp=TRK&c=True&wt=False&sz=Max&rt=0&checksum=pBhMkpgk3gVsveK2Jcq0ekauc3JX5voHyTkShT221uYM5AGCcY%2bCB%2fuThGYkGVVH%2bNhy8unpiDBjLJxnwDlFG1FOzUhyapgTcRu4cn1CP158MwRnREj8EA%2bdwMMhrFpk, https://media.sandhills.com/img.axd?id=3047901126&wid=&p=&ext=&w=588&h=784&t=&lp=TRK&c=True&wt=False&sz=Max&rt=0&checksum=pBhMkpgk3gWq4jLFA8f4ea5gTUEsZoQifOuGOhJEADmJiONHvkOQezBCrpeFrj9X2dzWveI%2fsGOg3k5ePpBz5YDpIzoIOhh9MBxlFWa2hfiV%2bduay8HRx4JcholiLBiP, https://media.sandhills.com/img.axd?id=3047901188&wid=&p=&ext=&w=588&h=784&t=&lp=TRK&c=True&wt=False&sz=Max&rt=0&checksum=pBhMkpgk3gXMcrqjluArjsZNPlkudeh5CtRSwOveayjWLZzKZhulqVLP2FyfxoDjQWiTIOgTQsuw1%2bgO5wL3%2bt2ip%2fdL0tk3FNz5xdD9xqAosDzJdr2DhRkBseowxV0Q",0,USD,Jim Echols,Jim Echols,7/27/2017 6:51:25 PM,Joseph Echols,10/3/2017 3:23:09 PM,False,Success,10/3/2017 10:23:11 AM,,Excellent,Tandem,,WHITE,,,6x4,Left Hand Drive,,Detroit,DD15,12000,Diesel,52000,No,,,455,,,Miles,No,Yes,No,,,,3.42,40000,,No,Air Ride,,LP22.5,13 Spd,,230,All Aluminum,2,,No,Yes,,Yes,437518,2,Raised Roof Sleeper,72,No,,
Trucks,150008831269,2013 WESTERN STAR 4900 T26454,ACTIVE,Dealer Owned,Heavy Duty Trucks - Conventional Trucks w/ Sleeper,WESTERN STAR,4900,Tom Nehl Trucks - Lake City,383 SW Arrowhead Terrace,Lake City,Florida,USA,32024,Joseph Echols,+19045307028,,Joseph Echols,+13866037030,,+19045307028,,2013,Used,FD3388,T26454,1,,True,True,False,True,55000,45000,False,10/19/2017,Available,False,False,False,10,"https://media.sandhills.com/img.axd?id=3047662218&wid=&p=&ext=&w=588&h=784&t=&lp=TRK&c=True&wt=False&sz=Max&rt=0&checksum=DLfaWDeagKAOBVZQghiS0sGzAJcNWTegnhFbzg0hIoalWb8Croct4P%2bhCAM1u%2b2thiValbnx9H60Yc3khHEMcKNUzRZtCzxQpxBZsZAT2qYJ%2bLMcdN05khVkMXpgG0Xn, https://media.sandhills.com/img.axd?id=3047662220&wid=&p=&ext=&w=588&h=784&t=&lp=TRK&c=True&wt=False&sz=Max&rt=0&checksum=DLfaWDeagKBN2fcgHWK%2fFDGrk02cq9X0BjWhOKf6mHVl%2fC8m7tWayeA5tIqWCg9L76wx9rHUpc%2f8yJImzcXwsMtc09hGwaNOWBIF3pgJ7ALsbN0l5bIfpjY5QE7ZrG2s, https://media.sandhills.com/img.axd?id=3047662234&wid=&p=&ext=&w=588&h=784&t=&lp=TRK&c=True&wt=False&sz=Max&rt=0&checksum=DLfaWDeagKCE7%2b%2fS9VhnssiY9wLmT4YYqvnxY%2bMTW1%2f%2f2SrR2mTxznwBQLzowGGuo27LdB%2fiDbFTmHqDPN0dpDAy6k9svJ2LafV0yx5zh6y2xx8yDsYkYpppSxyRja89, https://media.sandhills.com/img.axd?id=3047662226&wid=&p=&ext=&w=588&h=784&t=&lp=TRK&c=True&wt=False&sz=Max&rt=0&checksum=DLfaWDeagKB7kW%2bUM%2bQnvs0jAD09d5WnKA%2fO5AcBimSLvC%2ff4RO0xx2p84QfZ1h1hF5O0oVgSFEVgWN72ffre5dYIM4YynGuDpCWbLaTMi2jjBTI8qBU%2bUuaTspbUzH%2b, https://media.sandhills.com/img.axd?id=3047662228&wid=&p=&ext=&w=588&h=784&t=&lp=TRK&c=True&wt=False&sz=Max&rt=0&checksum=DLfaWDeagKCJUh85XO4CDZD8qC1Rz5K%2b5cfa9S11dt5Snk5PsVKMjzKoBdharvfzRHcTa9uoXWG5T%2fIyryEYAH2yzLlNPSmFVBQr63UDW7s2JsC4MrEYJZ5HajN%2f8daz, https://media.sandhills.com/img.axd?id=3047662250&wid=&p=&ext=&w=588&h=784&t=&lp=TRK&c=True&wt=False&sz=Max&rt=0&checksum=DLfaWDeagKCIuLXIOtdouXbHlSHG7TbLX0OXcwIIr%2fLNJE%2bjoFEGum7YJM1Taqp%2fKwRRsZo9L1nn6ZNPFnQZf7pRxAHbV27wXXZR4sqik3HfOMuOKzfVEHSpa5UXC8dH, https://media.sandhills.com/img.axd?id=3047662236&wid=&p=&ext=&w=588&h=784&t=&lp=TRK&c=True&wt=False&sz=Max&rt=0&checksum=DLfaWDeagKCU8Z8atJmBN67mymdiDi1VFnH8%2fecBkUFzSOxOActJjA8S2nuvuiAKQ%2fpkUI5o5mi%2fe35P%2fUGCqB9iYKkA02Q5gOOMyTcge4d3SPal4bwwffM7%2b94JuXVA, https://media.sandhills.com/img.axd?id=3047662256&wid=&p=&ext=&w=588&h=784&t=&lp=TRK&c=True&wt=False&sz=Max&rt=0&checksum=DLfaWDeagKC0N1EtusHd7T9knFRYT%2fgAIkeQsXGE3IZJY8lRaCHAYiCxia%2bOdsY2OHajmHO4YpA0W1kJ55gGdLrqSwgXulOprxkIm%2beaK3nAWVB3qRfINKgweCFy3%2fPl, https://media.sandhills.com/img.axd?id=3047662230&wid=&p=&ext=&w=588&h=784&t=&lp=TRK&c=True&wt=False&sz=Max&rt=0&checksum=DLfaWDeagKDGkrO4Rw2iGvAmcCOVAWJRr9WNiZl60FzMEmir2fW8t5Pi%2bagN6hOQtaxz0EWMvnjOs2BVBjk%2bqz57B2KP2zt9qwiXsRTQ4mnvXtAlkJ8SFYel6SfJbfMh, https://media.sandhills.com/img.axd?id=3047662222&wid=&p=&ext=&w=588&h=784&t=&lp=TRK&c=True&wt=False&sz=Max&rt=0&checksum=DLfaWDeagKDD3B1wI86OqlHgiKtr%2bHT3cCNoHoRRxsmUcWsZNjeRQrZ8MVq097byqUPAKdMT0UAhMhYgR5E4THXz%2b5DdEacZ7JsUk0VUSi3vf%2bc%2bfWYXs43YvCWrICzM",0,USD,Jim Echols,Matt Sleister,10/19/2017 4:30:06 PM,Jim Echols,10/19/2017 5:51:24 PM,False,Success,10/19/2017 12:51:25 PM,,Excellent,Tandem,,Red,,,6x4,Left Hand Drive,,Detroit,12.7L,12000,Diesel,80000,No,,,500,,,Miles,No,Yes,No,,,,3.58,40000,,No,Air Ride,,11R22.5,10 Spd,,253,All Aluminum,6,,No,Yes,Yes,Yes,532591,1,Raised Roof Sleeper,68,No,,
Trucks,150008320145,2012 FREIGHTLINER CASCADIA 125 T26245,ACTIVE,Dealer Owned,Heavy Duty Trucks - Conventional Trucks w/ Sleeper,FREIGHTLINER,CASCADIA 125,Tom Nehl Trucks - Lake City,383 SW Arrowhead Terrace,Lake City,Florida,USA,32024,Joseph Echols,+19045307028,,,,,+19045307028,,2012,Used,BE5345,T26245,1,,True,False,False,True,39900,,False,6/12/2017,Available,False,False,False,3,"https://media.sandhills.com/img.axd?id=3042965538&wid=&p=&ext=&w=588&h=784&t=&lp=TRK&c=True&wt=False&sz=Max&rt=0&checksum=fecDTDXy2zvDSPMthIOLUq%2bUpJ1QkRyrAzrJsvU5v%2bPhFX%2f%2baKuXnfPJUQDQXXa82CA8B2uL8rkL6KaiQd8BnfBEEcnOm03TNn0txi9d3UILfqmqJIja2M2oDDYRdKKP, https://media.sandhills.com/img.axd?id=3042966364&wid=&p=&ext=&w=588&h=784&t=&lp=TRK&c=True&wt=False&sz=Max&rt=0&checksum=fecDTDXy2ztaWR9Q65VTl5eQiq8zgH0u7r%2bthoD9cN7ARQxDvwrf2sWiYiRbyXkJLqx50WOj4tJtZLHPkmV6w8buLmAiATT%2fX07bsY3qkWn4RyJ3amcT9EGFlXCWANZj, https://media.sandhills.com/img.axd?id=3042966560&wid=&p=&ext=&w=588&h=784&t=&lp=TRK&c=True&wt=False&sz=Max&rt=0&checksum=fecDTDXy2zvXAEq0NiFXVgfoRYLVrvFaqvtOqTl5KIyQo0nofrZjoqd1ncqvddoNfsuSLna5TOvIy99xepbOdbxuPe1O%2bRZABZwDnLVixxt61f2VFViXMz4abKhuNp8u",0,USD,Joseph Echols,Jim Echols,6/12/2017 3:43:22 PM,Joseph Echols,10/19/2017 3:40:44 PM,False,Success,10/19/2017 10:40:45 AM,,Excellent,Tandem,,White,,,6x4,Left Hand Drive,,Cummins,ISX,12000,Diesel,80000,No,,,450,,,Miles,No,Yes,No,,,,3.36,40000,,No,Air Ride,,LP22.5,10 Spd,,233,Aluminum,3,,No,Yes,Yes,Yes,632402,2,Raised Roof Sleeper,72,No,Yes,
Trucks,150008435929,2012 ISUZU NQR T25696,ACTIVE,Dealer Owned,Medium Duty Trucks - Miscellaneous Trucks,ISUZU,NQR,Tom Nehl Trucks - Lake City,383 SW Arrowhead Terrace,Lake City,Florida,USA,32024,Joseph Echols,+19045307028,,,,,+19045307028,,2012,Used,900333,T25696,1,With a 20 FT Box,True,False,False,True,19000,,False,7/11/2017,Available,False,False,False,4,"https://media.sandhills.com/img.axd?id=3045465966&wid=&p=&ext=&w=588&h=784&t=&lp=TRK&c=True&wt=False&sz=Max&rt=0&checksum=0mmvasYUlfhG14pY59wnp0UiYdxBUxYQRgFutllCuu38BLeLo8jSY9WHPIthuqemSVMsaogVP6cJR4%2bUabOU8Few6lnYbjIVUivwzWkVWi57KPJ7rQ7B9pp32etUMl4N, https://media.sandhills.com/img.axd?id=3045466102&wid=&p=&ext=&w=588&h=784&t=&lp=TRK&c=True&wt=False&sz=Max&rt=0&checksum=0mmvasYUlfjx%2b4IjDUkmtBYp8tFbCawi4uwlDxjYh3l0wusKTVto43VMrRH2bwdEKMA7qdER9UcXVw6NDkLLmebYhERcWttIj7A8%2bKNk7kuIW2%2bbaf6lJORCFCFtgNqh, https://media.sandhills.com/img.axd?id=3045466250&wid=&p=&ext=&w=588&h=784&t=&lp=TRK&c=True&wt=False&sz=Max&rt=0&checksum=0mmvasYUlfhrja%2fi7Ipt2gMLobqAtkn51l%2flQ%2fVynGNX7krm024jjRdjG1i2d6Cty63j4F4bvZbUgBnln10Vlmo32CL3Hkc%2bvRqkNdFWu2CvAXLLbUkkZ%2bCEph5zzH6s, https://media.sandhills.com/img.axd?id=3045466484&wid=&p=&ext=&w=588&h=784&t=&lp=TRK&c=True&wt=False&sz=Max&rt=0&checksum=0mmvasYUlfiTlFbsQjK5AbQpeuBQCP0KcelC9hGx9AcMvTFAqXwVCK2TkFWJoZuCStzR9RmyYpDSeDphWUWBPXX7yCimzDFdRCxSFiWeIQneZZOc8TI%2f%2fIi9EBPpfS4x",0,USD,Jim Echols,Jim Echols,7/11/2017 5:16:12 PM,Jim Echols,9/22/2017 2:41:36 PM,False,Success,8/8/2017 10:16:34 AM,,Excellent,Single,Standard Cab,White,Yes,,,Left Hand Drive,No,Isuzu,Isuzu,,Diesel,17950,No,No,,,,,Miles,No,Yes,No,Yes,Yes,Both,,,,,Spring,Yes,225 70R195,Automatic,Yes,,All Steel,1,,,No,,Yes,181423,,,,No,,No
Trucks,150008769760,2012 FREIGHTLINER CASCADIA 125 T26828,ACTIVE,Dealer Owned,Heavy Duty Trucks - Conventional Trucks w/o Sleeper,FREIGHTLINER,CASCADIA 125,Tom Nehl Trucks - Lake City,383 SW Arrowhead Terrace,Lake City,Florida,USA,32024,Joseph Echols,+19045307028,,,,,,,2012,New,BT1870,T26828,1,,True,False,False,True,29500,,False,10/3/2017,Available,False,False,False,6,"https://media.sandhills.com/img.axd?id=4001722733&wid=&p=&ext=&w=588&h=784&t=&lp=TRK&c=True&wt=False&sz=Max&rt=0&checksum=HfJZKx%2bByurY5QfxerIMJOXC2f1vVshxW%2bftmdDP6nL%2bmC8OYuG1kVFJexr%2bO70czZTnjusgJ6UcWrWwb3pVDTChjwmBi1BpYAo3qCR7wXC3rbqtGN32w5sfTuQssb4W, https://media.sandhills.com/img.axd?id=4001722765&wid=&p=&ext=&w=588&h=784&t=&lp=TRK&c=True&wt=False&sz=Max&rt=0&checksum=HfJZKx%2bByurmxU88t7DAOEoaG4j%2fb%2b%2f4UkrCyNJ1UN7WF2gINcEReUBY5JfOaeH52M6AEgXIeSnBrkGotfQsRsNoz59kDlIKDP%2fOGtuK9oCTigsS%2foklOYTOS9fRp7XJ, https://media.sandhills.com/img.axd?id=4001722777&wid=&p=&ext=&w=588&h=784&t=&lp=TRK&c=True&wt=False&sz=Max&rt=0&checksum=HfJZKx%2bByuoGouMuQOs7SDsKn%2bquolDYW7B4yuIe6FFlJUxbhfxRc9%2fZizQyOs%2faHEtOFtlv9HZIPhgZlgsgcJr7OS5LsARX%2bj8aTJIZW%2bBWkofEvFx%2b3fRKuP8Mod4d, https://media.sandhills.com/img.axd?id=4001722895&wid=&p=&ext=&w=588&h=784&t=&lp=TRK&c=True&wt=False&sz=Max&rt=0&checksum=HfJZKx%2bByuqPzOT934RmEwGoMYgB1OgG%2be5UafxsiJ2f6vYGCWctrOXamaGP1%2bYN8q4XYgjm7ko1Q%2b2azEKdgHkMxqsYuyoQAvxMXX0bEG5N3K%2bngJdgxN6%2bjPPSAaAo, https://media.sandhills.com/img.axd?id=4001722973&wid=&p=&ext=&w=588&h=784&t=&lp=TRK&c=True&wt=False&sz=Max&rt=0&checksum=HfJZKx%2bByuoBzvWeaz88NoTUhqafz9%2bN1JnbzCx3ExkRIHioeynX%2flaesfofmcrEvWpvg3bD2NpiWtEWgcnlmlScB3AQ7RRdfZT33E8jCzPzYCm5MmFNBpDXfn%2ffnu4d, https://media.sandhills.com/img.axd?id=4001723115&wid=&p=&ext=&w=588&h=784&t=&lp=TRK&c=True&wt=False&sz=Max&rt=0&checksum=HfJZKx%2bByuonL7FOfK2uDdbG0fPZYIVwzguAXPg6cK21JarFAoxHMpNLTjFHxyyfMNbrOnSRsCjI%2bpO7kW5HewVxzmhJZRD4MQOqScOE53%2b839trPc8CPx%2bUpdUcSZHm",0,USD,Joseph Echols,Jim Echols,10/3/2017 3:48:07 PM,Joseph Echols,10/3/2017 6:06:46 PM,False,Success,10/3/2017 1:06:48 PM,,Excellent,Tandem,,White,,,6x4,Left Hand Drive,,Detroit,DD15,12000,Diesel,52000,No,,,450,,,Miles,,No,No,No,,,2.64,40000,,No,Air Ride,,LP22.5,10 Spd,,175,All Steel,10,,,Yes,Yes,Yes,665391,,,,No,,
Trucks,150007736575,2009 VOLVO VNL64T670 T25028,ACTIVE,Dealer Owned,Heavy Duty Trucks - Conventional Trucks w/ Sleeper,VOLVO,VNL64T670,Tom Nehl Trucks - Lake City,383 SW Arrowhead Terrace,Lake City,Florida,USA,32024,Joseph Echols,+19045307028,,Joseph Echols,+13866037030,,+19045307028,,2009,Used,280285,T25028,1,,True,False,False,True,19900,,False,1/25/2017,Available,False,False,False,6,"https://media.sandhills.com/img.axd?id=3032865468&wid=&p=&ext=&w=588&h=784&t=&lp=TRK&c=True&wt=False&sz=Max&rt=0&checksum=9Hh3v9wLjHDRlTZuzDYLK9XhVQuhbpoYoOuv%2fLiM23Aana4d68HpPCdOF4vGkYCc3G7Y50CUw0IKSD41URzIhEEuzAJIVPe3JoF%2fqhU2UhzFPiF6CV2T8v3FoytxBegr, https://media.sandhills.com/img.axd?id=3032865512&wid=&p=&ext=&w=588&h=784&t=&lp=TRK&c=True&wt=False&sz=Max&rt=0&checksum=9Hh3v9wLjHAPtyPVEpYv6m56MkGoD43ok04FuSEqK0S0kSEsHLM%2ftDA6agEEuO%2bely8u47KIj%2ffvHyYYG76OCF1vnTE9AIPNfh5CV4BFEypIPdC9iec1QBDLBTA56AV5, https://media.sandhills.com/img.axd?id=3032865518&wid=&p=&ext=&w=588&h=784&t=&lp=TRK&c=True&wt=False&sz=Max&rt=0&checksum=9Hh3v9wLjHC6MpOL3glazgLynoju6bmsCBDnAkAQX0Fm1Hq7%2bmCPfCkJSQEIIxvIMA6%2b%2f7P6JBbPCRFcn7u%2f4h5n3YbMzvd%2fY%2bUXD2xrAanP038HTDmWzCSaY0AdcZw5, https://media.sandhills.com/img.axd?id=3032865544&wid=&p=&ext=&w=588&h=784&t=&lp=TRK&c=True&wt=False&sz=Max&rt=0&checksum=9Hh3v9wLjHBLW6C6%2b9u1JGWocA%2fjyV3L%2fqod7E42hqO7p3WsV4LC%2bHNbfRGRLprvrhF95I%2b%2bwBQracVt3fq6S3sWjnpuNmr0InrbG8yti14PMg8TTV6d7gqmToA%2bvREW, https://media.sandhills.com/img.axd?id=3032865568&wid=&p=&ext=&w=588&h=784&t=&lp=TRK&c=True&wt=False&sz=Max&rt=0&checksum=9Hh3v9wLjHAthSwnqvhaxQwRCzG%2bzTGUV5oZgirRnctSqbjEHig%2bVvx1qT2AmIU8oWjdwI2gvN599GeHs9vV1nk7LDO%2fi5cti%2bjvdnIWqqQSUvS5dpsEjNL3aDTNv3GP, https://media.sandhills.com/img.axd?id=3032865552&wid=&p=&ext=&w=588&h=784&t=&lp=TRK&c=True&wt=False&sz=Max&rt=0&checksum=9Hh3v9wLjHDJj25GMt1EOZA85QBdCIXjWvi%2fLuEqm8N3AHV67tKcAHa3QiDOQ3CqMorXlSSOpk3vdZoQTkNVJu8lgR4ziw7V3LyAvP5aU0Gk%2bTuelEHA22%2bwXTUW%2bzk4",0,USD,Jim Echols,Jim Echols,1/25/2017 8:41:28 PM,Jim Echols,9/22/2017 2:41:24 PM,False,Success,8/23/2017 7:43:20 AM,,Good,Tandem,,White,,,6x4,Left Hand Drive,,Volvo,D 13,12000,Diesel,80000,,,,435,,,Miles,No,Yes,,,,,3.58,40000,,,Air Ride,,LP22.5,I Shift,,,Aluminum/Steel,1,,,Yes,,Yes,732938,2,Raised Roof Sleeper,61,,,
Trucks,150008384032,2009 WESTERN STAR 4900 T25792,ACTIVE,Dealer Owned,Heavy Duty Trucks - Conventional Trucks w/ Sleeper,WESTERN STAR,4900,Tom Nehl Trucks - Lake City,383 SW Arrowhead Terrace,Lake City,Florida,USA,32024,Joseph Echols,+19045307028,,,,,+19045307028,,2009,Used,AK2576,T25792,1,Includes a 2009 Cortrell trailer,True,False,False,True,119500,,False,6/27/2017,,False,False,False,1,https://media.sandhills.com/img.axd?id=3044295736&wid=&p=&ext=&w=588&h=784&t=&lp=TRK&c=True&wt=False&sz=Max&rt=0&checksum=iUU2KHEaC%2bmAkKF2U4s2C0Ujq2RFzbdzNhKOBACcJ2RPSBnFVk0V%2fyeIwsaSvDnFPq7zaOPpH1XFE18r0n2EqUPsKv7pMLzvbMss8sxt%2ffudEa%2fQ2gCL4BQ%2blVML1RGi,0,USD,Jim Echols,Jim Echols,6/27/2017 12:27:23 PM,Jim Echols,9/22/2017 2:41:25 PM,False,Success,8/23/2017 7:46:40 AM,,Excellent,Tandem,,Red,,,6x4,Left Hand Drive,,Detroit,14.0L,120000,Diesel,80000,Yes,,,455,,,Miles,No,,Yes,,,,3.22,40000,,No,Air Ride,,LP22.5,13 Spd,,265,Aluminum,1,,No,,,Yes,648788,1,Mid Roof Sleeper,68,Yes,,
Trucks,150007095362,2008 VOLVO VNL64T300 T25046,ACTIVE,Dealer Owned,Heavy Duty Trucks - Conventional Trucks w/o Sleeper,VOLVO,VNL64T300,Tom Nehl Trucks - Lake City,383 SW Arrowhead Terrace,Lake City,Florida,USA,32024,Joseph Echols,+19045307028,,Joseph Echols,+13866037030,,+19045307028,,2008,Used,491585,T25046,1,"GREAT CONDITION, LOW MILEAGE DAY CAB WITH BRAND NEW VIRGIN RUBBER ON THE DRIVES!",True,False,False,True,19900,,False,7/26/2016,Available,False,False,False,7,"https://media.sandhills.com/img.axd?id=3018429584&wid=&p=&ext=&w=588&h=784&t=&lp=TRK&c=True&wt=False&sz=Max&rt=0&checksum=XPMRssGtp8Lju5rJZlsv%2bitE9bMy5lSNL55MQ8scalBn9rj0seJj7NWx0uVL91Xcyx2rkFusmgcuBCQkWfyiH2ABHpK3S1Fl%2fiijH9U84y%2bg9cJuecs10INmAYd3h1mu, https://media.sandhills.com/img.axd?id=3018429652&wid=&p=&ext=&w=588&h=784&t=&lp=TRK&c=True&wt=False&sz=Max&rt=0&checksum=XPMRssGtp8Kng5ljeRNX8zYqCIjVye8lOcTiXGQg6x%2bsZSpGog0R08ZCpBI%2fldcCyu865eFaWVovLRE9CZCJ%2bQ36lY8SRdnC6B%2bWxllZzWR1DnEqkFHBDOU2Ga6qTjT4, https://media.sandhills.com/img.axd?id=3018429770&wid=&p=&ext=&w=588&h=784&t=&lp=TRK&c=True&wt=False&sz=Max&rt=0&checksum=XPMRssGtp8Lga8bXrpgC7xTtv4hi7P%2fd6yw3yMFnwMpyww8weKv8A%2faw40Wbzi%2ftscSoJF%2fgqFjUGZbf1HjjFxRC3887SEgFGLHsGVWexW5F9K2RrrewPtLktrrnVlrE, https://media.sandhills.com/img.axd?id=3018429884&wid=&p=&ext=&w=588&h=784&t=&lp=TRK&c=True&wt=False&sz=Max&rt=0&checksum=XPMRssGtp8Irr%2fg1h%2bWuWjQNMSYTHBlHOGiUUgcv6UJ3T1lqVWKywiB7ilfwW5sXZktQ%2fyF%2bHJM3iqi8VCM4Jo5G%2by7gGR50oMlIl%2fnMvxj8b6SBkvGiIlMM98SgSB9P, https://media.sandhills.com/img.axd?id=3018430044&wid=&p=&ext=&w=588&h=784&t=&lp=TRK&c=True&wt=False&sz=Max&rt=0&checksum=XPMRssGtp8KCj3EmDuPo%2b88So8dXYiitSxN9dxaJ3ZenolDpTswPkMqZoZL5JzDkkL42BMjvzyVahBAcHxtPSDXGt3eofPqDIkW6fI9Wl%2fEZCmga22wfe1hWX%2fh3kAWy, https://media.sandhills.com/img.axd?id=3018430110&wid=&p=&ext=&w=588&h=784&t=&lp=TRK&c=True&wt=False&sz=Max&rt=0&checksum=XPMRssGtp8KokSsWSIlo%2fGS76CMeXQ6b67LW%2fyHt3D0GiZcdvpDLOCBWQFNd740Ylo5dyPKGHx16hWht137PmxBy7N%2bHLqjktaVBvArgN06iR5iV03572NPAuj9caA3Z, https://media.sandhills.com/img.axd?id=3018430336&wid=&p=&ext=&w=588&h=784&t=&lp=TRK&c=True&wt=False&sz=Max&rt=0&checksum=XPMRssGtp8LB08JS53qp%2fM3XNJQ1TBDKhVVa8JWAzJPcHB1uE6b8xYlvCq2FFSqroAu4BO9sFg2f06mucqwzgkpLcV7LTYpWLcTnBTEgMaJNL4n6BAoRxd3UsFHnT5Sl",0,USD,Jim Echols,Jim Echols,7/26/2016 4:30:33 PM,Jim Echols,9/22/2017 2:41:20 PM,False,Success,8/1/2017 12:24:16 PM,,Excellent,Tandem,Standard Cab,White,,,6x4,Left Hand Drive,,Volvo,VED13,12000,Diesel,80000,No,,,425,,,Miles,,Yes,No,Yes,,,3.73,40000,,No,Air Ride,,LP22.5,10 Spd,,172,Aluminum Outside,1,,,Yes,Yes,Yes,536233,,,,No,,
Trucks,150008368553,2007 WESTERN STAR 4900 T25788,ACTIVE,Dealer Owned,Heavy Duty Trucks - Conventional Trucks w/ Sleeper,WESTERN STAR,4900,Tom Nehl Trucks - Jacksonville,417 S. Edgewood Ave.,Jacksonville,Florida,USA,32254,Joseph Echols,+19045307028,,,,,+19045307028,,2007,Used,X67118,T25788,1,Includes 2008 Cotrel trailer,True,False,False,True,79500,,False,6/22/2017,Available,False,False,False,1,https://media.sandhills.com/img.axd?id=3044165722&wid=&p=&ext=&w=588&h=784&t=&lp=TRK&c=True&wt=False&sz=Max&rt=0&checksum=MPF9IkzkqV8K%2blZzITfDFvRcZKYowwNCdwQg5bTJKLe5iMwNe%2b7rpdVq8toXu8Yl2EPq3OTbC9q%2bMolVBxnAeM0FdAnbOgLXEk5l6iZiZRWaHtwh1kOQwoO%2fnY%2bkCjSk,0,USD,Jim Echols,Jim Echols,6/22/2017 3:57:02 PM,Jim Echols,9/22/2017 2:41:16 PM,False,Success,8/23/2017 7:50:54 AM,,Excellent,Tandem,,Grey,,,6x4,Left Hand Drive,,Detroit,14.0L,12000,Diesel,80000,,,,515,,,Miles,,,No,,,,3.21,40000,,No,Air Ride,,LP22.5,13 Spd,,249,Aluminum,1,,,,,Yes,933758,1,Mid Roof Sleeper,68,,,
Trucks,150008497230,2006 FREIGHTLINER COLUMBIA 120 T25337,ACTIVE,Dealer Owned,Heavy Duty Trucks - Conventional Trucks w/o Sleeper,FREIGHTLINER,COLUMBIA 120,Tom Nehl Trucks - Jacksonville,417 S. Edgewood Ave.,Jacksonville,Florida,USA,32254,Joseph Echols,+19045307028,,,,,+19045307028,,2006,Used,U60948,T25337,1,,True,False,False,True,29500,,False,7/27/2017,Available,False,False,False,1,https://media.sandhills.com/img.axd?id=3047870842&wid=&p=&ext=&w=588&h=784&t=&lp=TRK&c=True&wt=False&sz=Max&rt=0&checksum=HxmGID0W0qyjbKnArrNHv7%2bylAiqGYosvNZzkAT4GEnVGNXiGfWC%2b0x%2f6%2bei%2f%2ftoY6PY632DE%2b8algOgTqIjR4oRwbzaDM%2fiQ6YXtU41%2ba9l6xK3PTYA%2bbpLnbHW9Uiu,0,USD,Jim Echols,Jim Echols,7/27/2017 3:57:25 PM,Jim Echols,9/22/2017 2:41:37 PM,False,Success,8/23/2017 7:34:15 AM,,,Tandem,,White,,,,Left Hand Drive,,Mercedes,MBE4000,12000,Diesel,80000,,,,400,,,Miles,,,No,,,,3.07,40000,,,Air Ride,,LP22.5,10 Spd,,219,Aluminum,1,,,,,Yes,546292,,,,,,
Trucks,150008820457,2016 VOLVO VNL64T670 T26911,ACTIVE,Dealer Owned,Heavy Duty Trucks - Conventional Trucks w/ Sleeper,VOLVO,VNL64T670,Tom Nehl Trucks - Jacksonville,417 S. Edgewood Ave.,Jacksonville,Florida,USA,32254,Joseph Echols,+19045307028,,,,,,,2016,Used,951694,T26911,1,,True,False,False,True,79500,,False,10/17/2017,Available,False,False,False,7,"https://media.sandhills.com/img.axd?id=4002914245&wid=&p=&ext=&w=588&h=784&t=&lp=TRK&c=True&wt=False&sz=Max&rt=0&checksum=Qaa45UUmn1ZsX%2fs8TTavgyCSJvoTSv2kPxz8c4AsTKs1aeahFB9fY%2bQjZgVwFVfz2bl8pctnox18vrKT9lpkn0BiwLMIQ6HfdIWyqQIC2zAiriI1%2fBq%2br%2bju13DIOuqa, https://media.sandhills.com/img.axd?id=4002914279&wid=&p=&ext=&w=588&h=784&t=&lp=TRK&c=True&wt=False&sz=Max&rt=0&checksum=Qaa45UUmn1YcEDrsOlKxFEBnF1%2fsFYA9A5D69wtYvV6OhYaesRNw2v5c2H1kqvSo0UTJJdu5221jdg%2bPBPERNufeQXLTfZYuzJRytrz%2fEXnnun0HBbLY4ZvY%2b1DSag3B, https://media.sandhills.com/img.axd?id=4002914281&wid=&p=&ext=&w=588&h=784&t=&lp=TRK&c=True&wt=False&sz=Max&rt=0&checksum=Qaa45UUmn1b3QKN7E853ktdZuHkZmaTP4eez7vy4IQBdltREYAqXbWDNfOUnHjDuuFMQzPhqm67WS0dqUmna%2bAMvpRf5Bg54Qsjf06E0XSEO9pchPIZrubhRlIP7XsNR, https://media.sandhills.com/img.axd?id=4002914287&wid=&p=&ext=&w=588&h=784&t=&lp=TRK&c=True&wt=False&sz=Max&rt=0&checksum=Qaa45UUmn1bmkeVJ6cAcZQV8fxS9BLSC3sFUoMx32sG9NPvhzx6zkIBLIm7k0Mg1ZuI%2fS1I7oNF9Imsp5jLNAJLkHt10If2zWuWE96Ai3kQyxBuvA3eQ%2fVjzb0DQYzWx, https://media.sandhills.com/img.axd?id=4002914291&wid=&p=&ext=&w=588&h=784&t=&lp=TRK&c=True&wt=False&sz=Max&rt=0&checksum=Qaa45UUmn1YY8ovHDdRUyOeR6HHyFSUkucgjNjXS0OneGh9mYX1MZ5LrxbSSbK780OmSL7e84Awez4xH8m3XoeK%2bSZrVQ1e03YiksSqqP6yG6ZTpksk8xDRzAObG3mqW, https://media.sandhills.com/img.axd?id=4002914293&wid=&p=&ext=&w=588&h=784&t=&lp=TRK&c=True&wt=False&sz=Max&rt=0&checksum=Qaa45UUmn1bZQhiZbeoMtdj9%2f8Uv6oLjVAjaHB2l3t9fJ8m3zO9p2iPYG3ZJyRQHxkzWobhn5GQDONW2%2fe5XCQ9e2dtQwj%2bNXUyyuO%2bXKEL62gpOj04sq1UiJHipGq53, https://media.sandhills.com/img.axd?id=4002914295&wid=&p=&ext=&w=588&h=784&t=&lp=TRK&c=True&wt=False&sz=Max&rt=0&checksum=Qaa45UUmn1ZDT%2fYEnF1%2fsRItb77WB1rhe7pcCMEft6Qb%2foH5rI3GTOzmcV1pa4PqsGKMES6AMLeBrpTR3eFvUpIcxzrp9BTxxvVD1V%2f0egEFNghjUH71qMl5WqQp9r%2fI",0,USD,Joseph Echols,Jim Echols,10/17/2017 1:31:45 PM,Joseph Echols,10/20/2017 9:36:17 PM,False,Success,10/20/2017 4:36:18 PM,,Excellent,Tandem,,GOLD,,,6x4,Left Hand Drive,,Volvo,VED-13,12000,Diesel,52000,No,,,455,,,Miles,No,Yes,No,,,,3.08,40000,,No,Air Ride,,Lp22.5,13 Spd,,,Aluminum,15,,No,Yes,Yes,Yes,329269,2,Raised Roof Sleeper,61,No,Yes,
Trucks,150008820488,2016 VOLVO VNL64T670 T26922,ACTIVE,Dealer Owned,Heavy Duty Trucks - Conventional Trucks w/ Sleeper,VOLVO,VNL64T670,Tom Nehl Trucks - Jacksonville,417 S. Edgewood Ave.,Jacksonville,Florida,USA,32254,Joseph Echols,+19045307028,,,,,,,2016,Used,951692,T26922,1,,True,False,False,True,79500,,False,10/17/2017,Available,False,False,False,15,"https://media.sandhills.com/img.axd?id=4003368877&wid=&p=&ext=&w=588&h=784&t=&lp=TRK&c=True&wt=False&sz=Max&rt=0&checksum=HMtgo5Bx4wWTjwY9i4WatQmZf4ZKc6V8ESaCGlAH0Wvb5piJ4vq9elHsNwpEPbEibylRRV5l8Swc77ykVm3psHpOtKKJ3aiwB7hTb5OCky1n7Vyp7QHBlxsPD%2fizb4f0, https://media.sandhills.com/img.axd?id=4003368873&wid=&p=&ext=&w=588&h=784&t=&lp=TRK&c=True&wt=False&sz=Max&rt=0&checksum=HMtgo5Bx4wWZw4bBOmJ2KZVrBVGXyUcyTpv902PxL9I5i5pGNRCuQZ8wGDJlczlotNQN4vMF6e%2bXCFcbJdoX4BPccVvBVfODmfDsO26KpzovgOBkHUvg6THWlPYIYqcd, https://media.sandhills.com/img.axd?id=4003368879&wid=&p=&ext=&w=588&h=784&t=&lp=TRK&c=True&wt=False&sz=Max&rt=0&checksum=HMtgo5Bx4wXqMu0GdMdLUXuhaKYXkjADSmYr%2fxzuXDxmRCfPp92QFOPrwbxFFWhqOsgKu5FoifaU3IRezagRN455CojoqV4X2sSC5gYRFOC3YN0ghw9NRztHcoG71J%2bW, https://media.sandhills.com/img.axd?id=4003368881&wid=&p=&ext=&w=588&h=784&t=&lp=TRK&c=True&wt=False&sz=Max&rt=0&checksum=HMtgo5Bx4wUm0nQTNUob16qJ%2fPJNcHQWOiiJJKZHHBCt8Tr3VERr%2fdEvGIuphKldfu2lbzO%2fQeHqeKDsJ5AU9db%2bB3o29uJQ1mcS6b17KLCh9ae12kLFSh1nMkfS28r9, https://media.sandhills.com/img.axd?id=4003368883&wid=&p=&ext=&w=588&h=784&t=&lp=TRK&c=True&wt=False&sz=Max&rt=0&checksum=HMtgo5Bx4wUuLiLZwgGj3Y7zby3DAJKZK3bz8LL7xslirQP68gaRQzlu6wq41rG24LqHVuaZOciovX%2bmFpJMjfm4mcQ%2bnMUOuutj6YUCypR2rIxSYdUeQPjIeoAmsVLD, https://media.sandhills.com/img.axd?id=4003368885&wid=&p=&ext=&w=588&h=784&t=&lp=TRK&c=True&wt=False&sz=Max&rt=0&checksum=HMtgo5Bx4wWbGvJIciAgR9FbCJggkaGOwY7CuLyt4fHNn%2fA0xlA3NcLJp9QMYnVQ4amtvDtKQkUB6HFjoAsy2lnOdwji98xKsRuFFWW8T53KhfEiy05S7c5aMulA3yKo, https://media.sandhills.com/img.axd?id=4003368893&wid=&p=&ext=&w=588&h=784&t=&lp=TRK&c=True&wt=False&sz=Max&rt=0&checksum=HMtgo5Bx4wVWamHfrVcIpJFxTbF7WRWd2FXo41MRkgTlFLkbG%2bxDarKobBXzLvQsMxbJzOihArxrQhDOUSh1lY8xbVyN868whrYWApZEDmVuebayAkEKUZuAJHI78Z3V, https://media.sandhills.com/img.axd?id=4003368901&wid=&p=&ext=&w=588&h=784&t=&lp=TRK&c=True&wt=False&sz=Max&rt=0&checksum=HMtgo5Bx4wV0Ulo%2bJ5qp3U9wFzgqo7%2fgnI3KMSqhQpVc6xEEr4NlNTKREAkTCRQ9pEGl5SdNCEDs46NG%2fIeuCEPVJFxTIdXdH6h4AYSUuZf48gxSVFWKUaijk5d%2fuiia, https://media.sandhills.com/img.axd?id=4003368905&wid=&p=&ext=&w=588&h=784&t=&lp=TRK&c=True&wt=False&sz=Max&rt=0&checksum=HMtgo5Bx4wXE3ZHGHinHLnZkN%2fCbeJkS53v%2b4rnC%2bxttOXykKKEpv8A6iSU49wj%2bC1663J2BC0Tumv%2b6VZnF2gPtT5fXCJCjKvWl9JlQEgFgUYT7%2f6AkFySMaFQgczo%2b, https://media.sandhills.com/img.axd?id=4003368911&wid=&p=&ext=&w=588&h=784&t=&lp=TRK&c=True&wt=False&sz=Max&rt=0&checksum=HMtgo5Bx4wVcM14fNVTM%2bakZUhwcgtXfw2wSG1PBDwlJGkzLijNxiXQeMsrzUyvSRe%2bhOCSIH6s3r9EENCBycHIo1z%2fembR6vYsyWyI6ontPwMqQJl1i7rg9KYij2XiC, https://media.sandhills.com/img.axd?id=4003368915&wid=&p=&ext=&w=588&h=784&t=&lp=TRK&c=True&wt=False&sz=Max&rt=0&checksum=HMtgo5Bx4wU0M2AGTFJ8AtLaQVnuenY8eYZc1%2f8bgylaoBhhMvqUUYZ4NQTb8m2kYe%2fzUYUPVeTksnpDbfcuofE9xUWNg%2fYLMXhBGH%2bv6HTTc9WlrN8vx1QJCbFr7gZn, https://media.sandhills.com/img.axd?id=4003368919&wid=&p=&ext=&w=588&h=784&t=&lp=TRK&c=True&wt=False&sz=Max&rt=0&checksum=HMtgo5Bx4wVZ%2fEhurvWUkVxxmA6Qf1MOcXaEwpGYmtp51DskykWeYnTeTebZwvl8WXvHm9YxNVmBN%2bsqaUVzkM1oxE4MM0Ucm%2fwBLqM8mle9rld%2bEWqjt5TFRiElxflv, https://media.sandhills.com/img.axd?id=4003368925&wid=&p=&ext=&w=588&h=784&t=&lp=TRK&c=True&wt=False&sz=Max&rt=0&checksum=HMtgo5Bx4wW8axd8dBNEpbjKL%2fcf1ZJVWpwyyqfUI7uZbiCTM5m%2fxaf%2f6EYL2WPChdGkBgZWwezudTPcwTEkK3HyJXt3nHP7r%2f9T6GIjeUH%2f06usgJIvZBN%2bkMg4hhl2, https://media.sandhills.com/img.axd?id=4003368927&wid=&p=&ext=&w=588&h=784&t=&lp=TRK&c=True&wt=False&sz=Max&rt=0&checksum=HMtgo5Bx4wV8cqJ%2f5CpPkSzsg2PfeD%2bU5%2f0YR9nETv%2bQ1axhMzYOD9n5ZAjFjNp7UHkmSNNUj4epswMtS3wgpBce3lMXAgGmyHz0IJWKNQSkVK0aYX5mJh44ng461q8M, https://media.sandhills.com/img.axd?id=4003368929&wid=&p=&ext=&w=588&h=784&t=&lp=TRK&c=True&wt=False&sz=Max&rt=0&checksum=HMtgo5Bx4wW0hjcxTgtsnBsdbKGpKk3rPddwjzpggJsub3JveQZdpFhj9rrdSi%2b8qVh25ez6MBEYAZY7Zdr6GaC6%2foheLHhL8MdgghBzngbzWOHtigwnKzdlP0k2Y0dV",0,USD,Joseph Echols,Jim Echols,10/17/2017 1:37:46 PM,Joseph Echols,10/20/2017 9:34:21 PM,False,Success,10/20/2017 4:34:22 PM,,Excellent,Tandem,,Blue,,,6x4,Left Hand Drive,,Volvo,VED13,12000,Diesel,52000,No,,,455,,,Miles,No,Yes,No,,,,3.08,40000,,No,Air Ride,,Lp22.5,13 Spd,,,All Aluminum,12,,No,Yes,Yes,Yes,308459,2,Raised Roof Sleeper,61,No,Yes,
Trucks,150008837365,2016 FREIGHTLINER COLUMBIA 120 VARIOUS,ACTIVE,Dealer Owned,Heavy Duty Trucks - Conventional Trucks w/ Sleeper,FREIGHTLINER,COLUMBIA 120,Tom Nehl Trucks - Jacksonville,417 S. Edgewood Ave.,Jacksonville,Florida,USA,32254,Joseph Echols,+19045307028,,Joseph Echols,+13866037030,,,,2016,Used,VARIOUS,VARIOUS,9,"LIKE NEW GLIDER KITS - TRUCKS WERE POWERED GLIDERS FROM THE FACTORY WITH PRE-EMISSION ISX CUMMINS ENGINES - MILES START AT 45,000    FACTORY ENGINE WARRANTY UNTIL MIDDLE OF 2018",True,False,False,True,89500,,False,10/20/2017,Available,False,False,False,8,"https://media.sandhills.com/img.axd?id=4003371081&wid=&p=&ext=&w=588&h=784&t=&lp=TRK&c=True&wt=False&sz=Max&rt=0&checksum=HMtgo5Bx4wUdnYzCtSBW1x4d5v4fehy4PVZZZzfKWiosd2vaOCU7VHsf%2fSWdH0R8cXjuBD6K0UfuXBePSckHmZhITlrmzQcUL9PkXKMKi2BuWF7%2fjqEkTkHIiq%2bSSCQ3, https://media.sandhills.com/img.axd?id=4003371087&wid=&p=&ext=&w=588&h=784&t=&lp=TRK&c=True&wt=False&sz=Max&rt=0&checksum=HMtgo5Bx4wVthOemmdD0PBsFKmX1%2bhUFD%2fqmRM3F5%2f6S3H6OX536Iq1uqKXjLCwzBKBesgpDCN7nfk4GBEngeWIqsWF8IOiIYOOrHFi%2bqrsZOtk4VCNhgI07P9fiSx8d, https://media.sandhills.com/img.axd?id=4003371099&wid=&p=&ext=&w=588&h=784&t=&lp=TRK&c=True&wt=False&sz=Max&rt=0&checksum=HMtgo5Bx4wWB2ZgU9z%2b88XP71c5iY8OWwdR6ZZNJLnO47nEiO0HZeA93Veby7O739DZ%2bBzDj2nC%2b2aanOaMsXKGphjrCCHFaUn4OCK3HblbfqcCXwhQWc5hYuOceeKbs, https://media.sandhills.com/img.axd?id=4003371103&wid=&p=&ext=&w=588&h=784&t=&lp=TRK&c=True&wt=False&sz=Max&rt=0&checksum=HMtgo5Bx4wW95Tj2T4H81ZLredHayPebcN58ydeWNo5bFzARW6wMpbox86VA2lbdGkYCXZ6SmH%2f%2fkPx894ll7VJR2wtMpITvkiWom8nH4gpKH%2bcG%2faouPmt5mnadg0xS, https://media.sandhills.com/img.axd?id=4003371107&wid=&p=&ext=&w=588&h=784&t=&lp=TRK&c=True&wt=False&sz=Max&rt=0&checksum=HMtgo5Bx4wXjT2eJWylB5jR%2fYx4IRvFhOAPJIVmLQYPgb3oDe9P9qLRIMKaJLjziyzMbOF%2bGrgOyCgW9vAHaW6Fbv9xwwQJ6iVCcI3S7VFNDrfwahWciZLLPly6AUbo7, https://media.sandhills.com/img.axd?id=4003371109&wid=&p=&ext=&w=588&h=784&t=&lp=TRK&c=True&wt=False&sz=Max&rt=0&checksum=HMtgo5Bx4wVAXAOYGvQvcVGqwPWfDSWZSEJgNtdw3qxiZKtprAn0x1Nbbtx6z1H5WznCAqsuVezhnq1C6dwNfkVBpVQr8UgkP3W%2fzXHdipumm9aTrJOQYfRT7%2bQzuBXC, https://media.sandhills.com/img.axd?id=4003371111&wid=&p=&ext=&w=588&h=784&t=&lp=TRK&c=True&wt=False&sz=Max&rt=0&checksum=HMtgo5Bx4wWzXpz%2fz7N9ViotBG%2fk4Ryxdl6XR8EnAvl%2bFe4KHoIyu3YY9XeglopjugvuQ4BgUXD5lTM%2fvRF3MIl3rKoUdYp1HQXX5eUbK62cXRl9FLHqPI%2ftI4Kyihv1, https://media.sandhills.com/img.axd?id=4003371115&wid=&p=&ext=&w=588&h=784&t=&lp=TRK&c=True&wt=False&sz=Max&rt=0&checksum=HMtgo5Bx4wWKgJJwYULHMLmjdt%2bb8lBcfqVp6fpMOmWAXVN6RoWuWM%2fwiUTgqm5RAA5Y7fIrrA2uofzQDXfrLvMiRFUONQXO6IYQmKN0NaoOavmQLNtpu93UD2HlCKZd",0,USD,Joseph Echols,Joseph Echols,10/20/2017 9:44:31 PM,Joseph Echols,10/20/2017 9:44:31 PM,False,Success,10/20/2017 4:44:33 PM,,Excellent,Tandem,,BLUE,,,6x4,Left Hand Drive,,Cummins,ISX,12000,Diesel,52000,No,,,450,,,Miles,No,Yes,No,,,,3.58,40000,,No,Air Ride,,LP22.5,10 Spd,,243,All Aluminum,1,,No,Yes,Yes,Yes,,1,Raised Roof Sleeper,70,No,Yes,
Trucks,150008496440,2013 WESTERN STAR 4900 T26458,ACTIVE,Dealer Owned,Heavy Duty Trucks - Conventional Trucks w/ Sleeper,WESTERN STAR,4900,Tom Nehl Trucks - Lake City,383 SW Arrowhead Terrace,Lake City,Florida,USA,32024,Joseph Echols,+19045307028,,,,,+19045307028,,2013,Used,FD3392,T26458,1,,True,False,False,True,55000,,False,7/27/2017,Available,False,False,False,10,"https://media.sandhills.com/img.axd?id=3047662218&wid=&p=&ext=&w=588&h=784&t=&lp=TRK&c=True&wt=False&sz=Max&rt=0&checksum=DLfaWDeagKAOBVZQghiS0sGzAJcNWTegnhFbzg0hIoalWb8Croct4P%2bhCAM1u%2b2thiValbnx9H60Yc3khHEMcKNUzRZtCzxQpxBZsZAT2qYJ%2bLMcdN05khVkMXpgG0Xn, https://media.sandhills.com/img.axd?id=3047662220&wid=&p=&ext=&w=588&h=784&t=&lp=TRK&c=True&wt=False&sz=Max&rt=0&checksum=DLfaWDeagKBN2fcgHWK%2fFDGrk02cq9X0BjWhOKf6mHVl%2fC8m7tWayeA5tIqWCg9L76wx9rHUpc%2f8yJImzcXwsMtc09hGwaNOWBIF3pgJ7ALsbN0l5bIfpjY5QE7ZrG2s, https://media.sandhills.com/img.axd?id=3047662234&wid=&p=&ext=&w=588&h=784&t=&lp=TRK&c=True&wt=False&sz=Max&rt=0&checksum=DLfaWDeagKCE7%2b%2fS9VhnssiY9wLmT4YYqvnxY%2bMTW1%2f%2f2SrR2mTxznwBQLzowGGuo27LdB%2fiDbFTmHqDPN0dpDAy6k9svJ2LafV0yx5zh6y2xx8yDsYkYpppSxyRja89, https://media.sandhills.com/img.axd?id=3047662226&wid=&p=&ext=&w=588&h=784&t=&lp=TRK&c=True&wt=False&sz=Max&rt=0&checksum=DLfaWDeagKB7kW%2bUM%2bQnvs0jAD09d5WnKA%2fO5AcBimSLvC%2ff4RO0xx2p84QfZ1h1hF5O0oVgSFEVgWN72ffre5dYIM4YynGuDpCWbLaTMi2jjBTI8qBU%2bUuaTspbUzH%2b, https://media.sandhills.com/img.axd?id=3047662228&wid=&p=&ext=&w=588&h=784&t=&lp=TRK&c=True&wt=False&sz=Max&rt=0&checksum=DLfaWDeagKCJUh85XO4CDZD8qC1Rz5K%2b5cfa9S11dt5Snk5PsVKMjzKoBdharvfzRHcTa9uoXWG5T%2fIyryEYAH2yzLlNPSmFVBQr63UDW7s2JsC4MrEYJZ5HajN%2f8daz, https://media.sandhills.com/img.axd?id=3047662250&wid=&p=&ext=&w=588&h=784&t=&lp=TRK&c=True&wt=False&sz=Max&rt=0&checksum=DLfaWDeagKCIuLXIOtdouXbHlSHG7TbLX0OXcwIIr%2fLNJE%2bjoFEGum7YJM1Taqp%2fKwRRsZo9L1nn6ZNPFnQZf7pRxAHbV27wXXZR4sqik3HfOMuOKzfVEHSpa5UXC8dH, https://media.sandhills.com/img.axd?id=3047662236&wid=&p=&ext=&w=588&h=784&t=&lp=TRK&c=True&wt=False&sz=Max&rt=0&checksum=DLfaWDeagKCU8Z8atJmBN67mymdiDi1VFnH8%2fecBkUFzSOxOActJjA8S2nuvuiAKQ%2fpkUI5o5mi%2fe35P%2fUGCqB9iYKkA02Q5gOOMyTcge4d3SPal4bwwffM7%2b94JuXVA, https://media.sandhills.com/img.axd?id=3047662256&wid=&p=&ext=&w=588&h=784&t=&lp=TRK&c=True&wt=False&sz=Max&rt=0&checksum=DLfaWDeagKC0N1EtusHd7T9knFRYT%2fgAIkeQsXGE3IZJY8lRaCHAYiCxia%2bOdsY2OHajmHO4YpA0W1kJ55gGdLrqSwgXulOprxkIm%2beaK3nAWVB3qRfINKgweCFy3%2fPl, https://media.sandhills.com/img.axd?id=3047662230&wid=&p=&ext=&w=588&h=784&t=&lp=TRK&c=True&wt=False&sz=Max&rt=0&checksum=DLfaWDeagKDGkrO4Rw2iGvAmcCOVAWJRr9WNiZl60FzMEmir2fW8t5Pi%2bagN6hOQtaxz0EWMvnjOs2BVBjk%2bqz57B2KP2zt9qwiXsRTQ4mnvXtAlkJ8SFYel6SfJbfMh, https://media.sandhills.com/img.axd?id=3047662222&wid=&p=&ext=&w=588&h=784&t=&lp=TRK&c=True&wt=False&sz=Max&rt=0&checksum=DLfaWDeagKDD3B1wI86OqlHgiKtr%2bHT3cCNoHoRRxsmUcWsZNjeRQrZ8MVq097byqUPAKdMT0UAhMhYgR5E4THXz%2b5DdEacZ7JsUk0VUSi3vf%2bc%2bfWYXs43YvCWrICzM",0,USD,Jim Echols,Jim Echols,7/27/2017 1:51:56 PM,Matt Sleister,10/19/2017 3:22:33 PM,False,Success,10/19/2017 10:22:33 AM,,Excellent,Tandem,,Red,,,6x4,Left Hand Drive,,Detroit,12.7L,12000,Diesel,80000,No,,,500,,,Miles,No,Yes,No,,,,3.58,40000,,No,Air Ride,,11R22.5,10 Spd,,253,All Aluminum,2,,No,Yes,Yes,Yes,520928,1,Raised Roof Sleeper,68,No,,
Trucks,150008837474,2012 FREIGHTLINER CASCADIA 125 T26829,ACTIVE,Dealer Owned,Heavy Duty Trucks - Conventional Trucks w/ Sleeper,FREIGHTLINER,CASCADIA 125,Tom Nehl Trucks - Lake City,383 SW Arrowhead Terrace,Lake City,Florida,USA,32024,Joseph Echols,+19045307028,,Joseph Echols,+13866037030,,,,2012,Used,BF6094,T26829,1,,True,False,False,True,37500,,False,10/20/2017,Available,False,False,False,13,"https://media.sandhills.com/img.axd?id=4003371949&wid=&p=&ext=&w=588&h=784&t=&lp=TRK&c=True&wt=False&sz=Max&rt=0&checksum=HMtgo5Bx4wXW4%2fOJr62uChw8pA3%2fHdj97Ans05LURB7omt4ugS86iWc54dickbkvpFMwxx41n2v4CGviPjOEqUz7zZbLzoCgor5wJG4osSZxKiTT2SiLeZOrTBYvOQ0u, https://media.sandhills.com/img.axd?id=4003371947&wid=&p=&ext=&w=588&h=784&t=&lp=TRK&c=True&wt=False&sz=Max&rt=0&checksum=HMtgo5Bx4wUq5UZjPIV%2btK76UmunzgeWZeh3MYFyq0YrZhK80pOtbdOzrd0BCfSvyisk0TubCqzBy%2f2WH2n5p27rAl7OpfMjd0AxZKaro4e2lqfuEHi8G1C1zw5XjXRY, https://media.sandhills.com/img.axd?id=4003371953&wid=&p=&ext=&w=588&h=784&t=&lp=TRK&c=True&wt=False&sz=Max&rt=0&checksum=HMtgo5Bx4wVjJmZHukuIa%2bw9ZonqKR1mK7Q8XwjkGyFT8myZRhazG5MkeOsIG4b2%2b347VaFPYl13zJ5O6a0nt0MOPxkY74TN6rBAAnfk4FJYIorsxgu%2bxECyqPFmFOsU, https://media.sandhills.com/img.axd?id=4003371957&wid=&p=&ext=&w=588&h=784&t=&lp=TRK&c=True&wt=False&sz=Max&rt=0&checksum=HMtgo5Bx4wWb%2fWoAe5TMBa0toxM3RvQr96KaQF9%2fLysehKqDcAH5WAR1SzVO7aVO6iVa7k3oX9ccuc7k2lcbDyC5tRSutz64XGPgj%2beiwjQi07geZ42AbBibrjsmtAp4, https://media.sandhills.com/img.axd?id=4003371959&wid=&p=&ext=&w=588&h=784&t=&lp=TRK&c=True&wt=False&sz=Max&rt=0&checksum=HMtgo5Bx4wWiWT6R2i%2fhO26f70%2fOVAJWJLDvV9zmikZ7u1Kxw8n485zbCnsrX7JaJe46IssmCbCGMuy2IO7Oz1CJXjSJqRDg3XWteJHNBt2WzgwH%2fV1TT4oVB5V4W3xz, https://media.sandhills.com/img.axd?id=4003371963&wid=&p=&ext=&w=588&h=784&t=&lp=TRK&c=True&wt=False&sz=Max&rt=0&checksum=HMtgo5Bx4wXEHGEx9KfFXTwQUX6wOgon4duOrfe4C1sPU%2bSdOlR2Re%2b6lsUToaTuFeCr7LPVNIUJ1r373MEid8j8imfJwq%2fPRpesFA6auXtJBR58wYNfuJ3jNMCi5uS0, https://media.sandhills.com/img.axd?id=4003371965&wid=&p=&ext=&w=588&h=784&t=&lp=TRK&c=True&wt=False&sz=Max&rt=0&checksum=HMtgo5Bx4wVbacV4zMRpKE8tP74etdC26L1sgeO0CHv0efEdq3e9uQ9p8iHcUxLVhEzfabJfY%2fE6gNd3vDTAvFVMPl5re5PGyTsfXd51kovbdARyYPRn0f%2flW1Zoxip%2f, https://media.sandhills.com/img.axd?id=4003371967&wid=&p=&ext=&w=588&h=784&t=&lp=TRK&c=True&wt=False&sz=Max&rt=0&checksum=HMtgo5Bx4wUfzAJoSiWv%2fgvpPDVy7DctKKiV1yfHbLvCmHtknvwlTsvfrbZOCMm4%2baZKQnaORyJiLddmqNQkh%2bVVPVHD9FfzuEuU0iYE0z495P1q%2fDWrwVNuUVPQX4QC, https://media.sandhills.com/img.axd?id=4003371969&wid=&p=&ext=&w=588&h=784&t=&lp=TRK&c=True&wt=False&sz=Max&rt=0&checksum=HMtgo5Bx4wVbCybDkYw4%2fmDamkjMh2fRwxZK8dpDCaAhIp%2f21LQxmXj1AvMk5eeALzKpY0Bwfbwzg3JDrYYbGpKOvgIcRW%2fgokA63LB6HC3maxCYBxnwHlfYr2uYTrqS, https://media.sandhills.com/img.axd?id=4003371973&wid=&p=&ext=&w=588&h=784&t=&lp=TRK&c=True&wt=False&sz=Max&rt=0&checksum=HMtgo5Bx4wVgvoP%2b94fFmnRo6%2b7edGzHXZxFgxukQt%2bVNbP4efXdHC2cqAmCLar53hIfuUO3Gz7M7lG0HvGV561VW8ds4G%2bIQC7%2b%2fbxdxDEk%2bN5v%2fx%2bph6TQDbo7ztmt, https://media.sandhills.com/img.axd?id=4003371975&wid=&p=&ext=&w=588&h=784&t=&lp=TRK&c=True&wt=False&sz=Max&rt=0&checksum=HMtgo5Bx4wUn1%2bmD9rVG5fgVqUwcQ%2b1DeNsk%2fY6k6z19YdEkKZz8VgXFP5aupBX5Skwb9jBmX5qC8z7NMLaKeYTL3tu5jkQi%2bQqb%2fC2fxmn3hl%2bIpo39w3xrhkFpt0Us, https://media.sandhills.com/img.axd?id=4003371977&wid=&p=&ext=&w=588&h=784&t=&lp=TRK&c=True&wt=False&sz=Max&rt=0&checksum=HMtgo5Bx4wUHEDqqbLNUx20WTG%2fhFItGRRGX5ST0Q2e5z4X%2fhgyS8requLqPTRZ7YPpa75hvZWyILv7k%2bEtdjImeiEuoB4WWwlhMbkrQCIdzh1%2bZ2x2DaaOSdNaQmFNq, https://media.sandhills.com/img.axd?id=4003371979&wid=&p=&ext=&w=588&h=784&t=&lp=TRK&c=True&wt=False&sz=Max&rt=0&checksum=HMtgo5Bx4wVg6RoaA3ksgqBHgMiDFFSQtPnQQRnCwAgP4RmrAOA%2fIEV%2fVZ0HdtM%2bzFAibE%2feNrtrcAxZqyRxasDKzeuj4Ks9tyoBVWRROREDScDJMF3PrqJtUh5d233F",0,USD,Joseph Echols,Joseph Echols,10/20/2017 10:10:52 PM,Joseph Echols,10/20/2017 10:10:52 PM,False,Success,10/20/2017 5:10:54 PM,,Excellent,Tandem,,WHITE,,,6x4,Left Hand Drive,,Cummins,ISX,12000,Diesel,52000,No,,,450,,,Miles,No,Yes,No,,,,3.55,40000,,No,Air Ride,,LP22.5,10 Spd,,208,All Steel,1,,No,Yes,Yes,Yes,426634,1,Mid Roof Sleeper,48,No,Yes,
Trucks,150008497255,2006 FREIGHTLINER COLUMBIA 120 T25336,ACTIVE,Dealer Owned,Heavy Duty Trucks - Conventional Trucks w/o Sleeper,FREIGHTLINER,COLUMBIA 120,Tom Nehl Trucks - Lake City,383 SW Arrowhead Terrace,Lake City,Florida,USA,32024,Joseph Echols,+19045307028,,,,,+19045307028,,2006,Used,U60947,T25336,1,,True,False,False,True,35000,,False,7/27/2017,,False,False,False,1,https://media.sandhills.com/img.axd?id=3047870972&wid=&p=&ext=&w=588&h=784&t=&lp=TRK&c=True&wt=False&sz=Max&rt=0&checksum=HxmGID0W0qwghqz6X1JY8wUumDB4nZC5vwJqKI5TG5dYXvYSU2lbbkKsXOybIs3uipi9c6WGIIU5sFDPRQw2seHVqXR7ndAZyi8XxS5011TGbqkjxg4yVpTQeFibZvQg,0,USD,Jim Echols,Jim Echols,7/27/2017 4:00:56 PM,Jim Echols,9/22/2017 2:41:22 PM,False,Success,8/23/2017 7:34:39 AM,,,Tandem,,White,,,,Left Hand Drive,,Mercedes,MBE4000,12000,Diesel,8000,,,,450,,,Miles,,,No,,,,3.07,40000,,,Air Ride,,LP22.5,10 Spd,,219,,1,,,,,,738160,,,,,,
